num_agents,inference_time_ms
10000,6.164698600769043
50000,29.36030864715576
100000,62.39907741546631
